<?xml version="1.0"?>
<doc>
    <assembly>
        <name>Stride.Games</name>
    </assembly>
    <members>
        <member name="T:Stride.Games.AssemblyDoc">
            <summary>
            The <see cref="A:Stride.Games"/> assembly provides a high level Game API.
            </summary>
        </member>
        <member name="T:Stride.Games.GameForm">
            <summary>
            Default Rendering Form on windows desktop.
            </summary>
        </member>
        <!-- Badly formed XML comment ignored for member "M:Stride.Games.GameForm.#ctor" -->
        <member name="E:Stride.Games.GameForm.AppActivated">
            <summary>
            Occurs when [app activated].
            </summary>
        </member>
        <member name="E:Stride.Games.GameForm.AppDeactivated">
            <summary>
            Occurs when [app deactivated].
            </summary>
        </member>
        <member name="E:Stride.Games.GameForm.PauseRendering">
            <summary>
            Occurs when [pause rendering].
            </summary>
        </member>
        <member name="E:Stride.Games.GameForm.ResumeRendering">
            <summary>
            Occurs when [resume rendering].
            </summary>
        </member>
        <member name="E:Stride.Games.GameForm.Screensaver">
            <summary>
            Occurs when [screensaver].
            </summary>
        </member>
        <member name="E:Stride.Games.GameForm.SystemResume">
            <summary>
            Occurs when [system resume].
            </summary>
        </member>
        <member name="E:Stride.Games.GameForm.SystemSuspend">
            <summary>
            Occurs when [system suspend].
            </summary>
        </member>
        <member name="E:Stride.Games.GameForm.UserResized">
            <summary>
            Occurs when [user resized].
            </summary>
        </member>
        <member name="E:Stride.Games.GameForm.FullscreenToggle">
            <summary>
            Occurs when alt-enter key combination has been pressed.
            </summary>
        </member>
        <member name="P:Stride.Games.GameForm.IsProcessingKeys">
            <summary>
            Gets or sets a value indicating whether this instance is processing keys. By default is <c>false</c>
            </summary>
            <value><c>true</c> if this instance is processing keys; otherwise, <c>false</c>.</value>
        </member>
        <member name="M:Stride.Games.GameForm.OnResizeBegin(System.EventArgs)">
            <summary>
            Raises the <see cref="E:System.Windows.Forms.Form.ResizeBegin"/> event.
            </summary>
            <param name="e">A <see cref="T:System.EventArgs"/> that contains the event data.</param>
        </member>
        <member name="M:Stride.Games.GameForm.OnResizeEnd(System.EventArgs)">
            <summary>
            Raises the <see cref="E:System.Windows.Forms.Form.ResizeEnd"/> event.
            </summary>
            <param name="e">A <see cref="T:System.EventArgs"/> that contains the event data.</param>
        </member>
        <member name="M:Stride.Games.GameForm.OnPaintBackground(System.Windows.Forms.PaintEventArgs)">
            <summary>
            Paints the background of the control.
            </summary>
            <param name="e">A <see cref="T:System.Windows.Forms.PaintEventArgs"/> that contains the event data.</param>
        </member>
        <member name="M:Stride.Games.GameForm.OnPauseRendering(System.EventArgs)">
            <summary>
            Raises the Pause Rendering event.
            </summary>
            <param name="e">The <see cref="T:System.EventArgs"/> instance containing the event data.</param>
        </member>
        <member name="M:Stride.Games.GameForm.OnResumeRendering(System.EventArgs)">
            <summary>
            Raises the Resume Rendering event.
            </summary>
            <param name="e">The <see cref="T:System.EventArgs"/> instance containing the event data.</param>
        </member>
        <member name="M:Stride.Games.GameForm.OnUserResized(System.EventArgs)">
            <summary>
            Raises the User resized event.
            </summary>
            <param name="e">The <see cref="T:System.EventArgs"/> instance containing the event data.</param>
        </member>
        <member name="M:Stride.Games.GameForm.OnAppActivated(System.EventArgs)">
            <summary>
            Raises the On App Activated event.
            </summary>
            <param name="e">The <see cref="T:System.EventArgs"/> instance containing the event data.</param>
        </member>
        <member name="M:Stride.Games.GameForm.OnAppDeactivated(System.EventArgs)">
            <summary>
            Raises the App Deactivated event
            </summary>
            <param name="e">The <see cref="T:System.EventArgs"/> instance containing the event data.</param>
        </member>
        <member name="M:Stride.Games.GameForm.OnSystemSuspend(System.EventArgs)">
            <summary>
            Raises the System Suspend event
            </summary>
            <param name="e">The <see cref="T:System.EventArgs"/> instance containing the event data.</param>
        </member>
        <member name="M:Stride.Games.GameForm.OnSystemResume(System.EventArgs)">
            <summary>
            Raises the System Resume event
            </summary>
            <param name="e">The <see cref="T:System.EventArgs"/> instance containing the event data.</param>
        </member>
        <member name="M:Stride.Games.GameForm.OnScreensaver(System.ComponentModel.CancelEventArgs)">
            <summary>
            Raises the <see cref="E:Screensaver"/> event.
            </summary>
            <param name="e">The <see cref="T:System.ComponentModel.CancelEventArgs"/> instance containing the event data.</param>
        </member>
        <member name="M:Stride.Games.GameForm.OnFullscreenToggle(System.EventArgs)">
            <summary>
            Raises the FullScreenToggle event
            </summary>
            <param name="e">The <see cref="T:System.EventArgs"/> instance containing the event data.</param>
        </member>
        <member name="M:Stride.Games.GameForm.WndProc(System.Windows.Forms.Message@)">
            <summary>
            Override windows message loop handling.
            </summary>
            <param name="m">The Windows <see cref="T:System.Windows.Forms.Message"/> to process.</param>
        </member>
        <member name="T:Stride.Games.GameWindowWinforms">
            <summary>
            An abstract window.
            </summary>
        </member>
        <member name="P:Stride.Games.GameWindowWinforms.Visible">
            <summary>
            Gets or sets a value indicating whether this <see cref="T:Stride.Games.GameWindow" /> is visible.
            </summary>
            <value><c>true</c> if visible; otherwise, <c>false</c>.</value>
        </member>
        <member name="T:Stride.Games.Win32Native.NativeMessage">
            <summary>
            Internal class to interact with Native Message
            </summary>
        </member>
        <member name="T:Stride.Games.WindowsMessageLoop">
            <summary>
            RenderLoop provides a rendering loop infrastructure. See remarks for usage. 
            </summary>
            <remarks>
            Use static <see cref="!:Run(System.Windows.Forms.Control,SharpDX.Windows.RenderLoop.RenderCallback)"/>  
            method to directly use a renderloop with a render callback or use your own loop:
            <code>
            control.Show();
            using (var loop = new RenderLoop(control))
            {
                while (loop.NextFrame())
                {
                   // Perform draw operations here.
                }
            }
            </code>
            Note that the main control can be changed at anytime inside the loop.
            </remarks>
        </member>
        <member name="M:Stride.Games.WindowsMessageLoop.#ctor">
            <summary>
            Initializes a new instance of the <see cref="T:Stride.Games.WindowsMessageLoop"/> class.
            </summary>
        </member>
        <member name="M:Stride.Games.WindowsMessageLoop.#ctor(System.Windows.Forms.Control)">
            <summary>
            Initializes a new instance of the <see cref="T:Stride.Games.WindowsMessageLoop"/> class.
            </summary>
        </member>
        <member name="P:Stride.Games.WindowsMessageLoop.Control">
            <summary>
            Gets or sets the control to associate with the current render loop.
            </summary>
            <value>The control.</value>
            <exception cref="T:System.InvalidOperationException">Control is already disposed</exception>
        </member>
        <member name="P:Stride.Games.WindowsMessageLoop.UseApplicationDoEvents">
            <summary>
            Gets or sets a value indicating whether the render loop should use the default <see cref="M:System.Windows.Forms.Application.DoEvents"/> instead of a custom window message loop lightweight for GC. Default is false.
            </summary>
            <value><c>true</c> if the render loop should use the default <see cref="M:System.Windows.Forms.Application.DoEvents"/> instead of a custom window message loop (default false); otherwise, <c>false</c>.</value>
            <remarks>By default, RenderLoop is using a custom window message loop that is more lightweight than <see cref="M:System.Windows.Forms.Application.DoEvents" /> to process windows event message. 
            Set this parameter to true to use the default <see cref="M:System.Windows.Forms.Application.DoEvents"/>.</remarks>
        </member>
        <member name="M:Stride.Games.WindowsMessageLoop.NextFrame">
            <summary>
            Calls this method on each frame.
            </summary>
            <returns><c>true</c> if if the control is still active, <c>false</c> otherwise.</returns>
            <exception cref="T:System.InvalidOperationException">An error occurred </exception>
        </member>
        <member name="M:Stride.Games.WindowsMessageLoop.Dispose">
            <summary>
            Performs application-defined tasks associated with freeing, releasing, or resetting unmanaged resources.
            </summary>
        </member>
        <member name="T:Stride.Games.WindowsMessageLoop.RenderCallback">
            <summary>
            Delegate for the rendering loop.
            </summary>
        </member>
        <member name="M:Stride.Games.WindowsMessageLoop.Run(System.Windows.Forms.ApplicationContext,Stride.Games.WindowsMessageLoop.RenderCallback)">
            <summary>
            Runs the specified main loop in the specified context.
            </summary>
        </member>
        <member name="M:Stride.Games.WindowsMessageLoop.Run(System.Windows.Forms.Control,Stride.Games.WindowsMessageLoop.RenderCallback,System.Boolean)">
            <summary>
            Runs the specified main loop for the specified windows form.
            </summary>
            <param name="form">The form.</param>
            <param name="renderCallback">The rendering callback.</param>
            <param name="useApplicationDoEvents">if set to <c>true</c> indicating whether the render loop should use the default <see cref="M:System.Windows.Forms.Application.DoEvents"/> instead of a custom window message loop lightweight for GC. Default is false.</param>
            <exception cref="T:System.ArgumentNullException">form
            or
            renderCallback</exception>
        </member>
        <member name="T:Stride.Games.GameBase">
            <summary>
            The game.
            </summary>
        </member>
        <member name="M:Stride.Games.GameBase.#ctor">
            <summary>
            Initializes a new instance of the <see cref="T:Stride.Games.GameBase" /> class.
            </summary>
        </member>
        <member name="E:Stride.Games.GameBase.Activated">
            <summary>
            Occurs when [activated].
            </summary>
        </member>
        <member name="E:Stride.Games.GameBase.Deactivated">
            <summary>
            Occurs when [deactivated].
            </summary>
        </member>
        <member name="E:Stride.Games.GameBase.Exiting">
            <summary>
            Occurs when [exiting].
            </summary>
        </member>
        <member name="E:Stride.Games.GameBase.WindowCreated">
            <summary>
            Occurs when [window created].
            </summary>
        </member>
        <member name="P:Stride.Games.GameBase.UpdateTime">
            <summary>
            The total and delta time to be used for logic running in the update loop.
            </summary>
        </member>
        <member name="P:Stride.Games.GameBase.DrawTime">
            <summary>
            The total and delta time to be used for logic running in the draw loop.
            </summary>
        </member>
        <member name="P:Stride.Games.GameBase.DrawInterpolationFactor">
            <summary>
            Is used when we draw without running an update beforehand, so when both <see cref="P:Stride.Games.GameBase.IsFixedTimeStep"/> 
            and <see cref="P:Stride.Games.GameBase.IsDrawDesynchronized"/> are set.<br/>
            It returns a number between 0 and 1 which represents the current position our DrawTime is in relation 
            to the previous and next step.<br/>
            0.5 would mean that we are rendering at a time halfway between the previous and next fixed-step.
            </summary>
            <value>
            The draw interpolation factor.
            </value>
        </member>
        <member name="P:Stride.Games.GameBase.Content">
            <summary>
            Gets the <see cref="T:Stride.Core.Serialization.Contents.ContentManager"/>.
            </summary>
        </member>
        <member name="P:Stride.Games.GameBase.GameSystems">
            <summary>
            Gets the game components registered by this game.
            </summary>
            <value>The game components.</value>
        </member>
        <member name="P:Stride.Games.GameBase.Context">
            <summary>
            Gets the game context.
            </summary>
            <value>The game context.</value>
        </member>
        <member name="P:Stride.Games.GameBase.GraphicsDevice">
            <summary>
            Gets the graphics device.
            </summary>
            <value>The graphics device.</value>
        </member>
        <member name="P:Stride.Games.GameBase.InactiveSleepTime">
            <summary>
            Gets or sets the time between each <see cref="M:Stride.Games.GameBase.Tick"/> when <see cref="P:Stride.Games.GameBase.IsActive"/> is false.
            </summary>
            <value>The inactive sleep time.</value>
        </member>
        <member name="P:Stride.Games.GameBase.IsActive">
            <summary>
            Gets a value indicating whether this instance is active.
            </summary>
            <value><c>true</c> if this instance is active; otherwise, <c>false</c>.</value>
        </member>
        <member name="P:Stride.Games.GameBase.IsExiting">
            <summary>
            Gets a value indicating whether this instance is exiting.
            </summary>
            <value><c>true</c> if this instance is exiting; otherwise, <c>false</c>.</value>
        </member>
        <member name="P:Stride.Games.GameBase.IsFixedTimeStep">
            <summary>
            Gets or sets a value indicating whether the elapsed time between each update should be constant,
            see <see cref="P:Stride.Games.GameBase.TargetElapsedTime"/> to configure the duration.
            </summary>
            <value><c>true</c> if this instance is fixed time step; otherwise, <c>false</c>.</value>
        </member>
        <member name="P:Stride.Games.GameBase.ForceOneUpdatePerDraw">
            <summary>
            Gets or sets a value indicating whether this instance should force exactly one update step per one draw step
            </summary>
            <value><c>true</c> if this instance forces one update step per one draw step; otherwise, <c>false</c>.</value>
        </member>
        <member name="P:Stride.Games.GameBase.IsDrawDesynchronized">
            <summary>
            When <see cref="P:Stride.Games.GameBase.IsFixedTimeStep"/> is set, is it allowed to render frames between two steps when we have time to do so.
            </summary>
            <value><c>true</c> if this instance's drawing is desychronized ; otherwise, <c>false</c>.</value>
        </member>
        <member name="P:Stride.Games.GameBase.IsMouseVisible">
            <summary>
            Gets or sets a value indicating whether the mouse should be visible.
            </summary>
            <value><c>true</c> if the mouse should be visible; otherwise, <c>false</c>.</value>
        </member>
        <member name="P:Stride.Games.GameBase.LaunchParameters">
            <summary>
            Gets the launch parameters.
            </summary>
            <value>The launch parameters.</value>
        </member>
        <member name="P:Stride.Games.GameBase.IsRunning">
            <summary>
            Gets a value indicating whether this instance is running.
            </summary>
        </member>
        <member name="P:Stride.Games.GameBase.Services">
            <summary>
            Gets the service container.
            </summary>
            <value>The service container.</value>
        </member>
        <member name="P:Stride.Games.GameBase.TargetElapsedTime">
            <summary>
            Gets or sets the target elapsed time, this is the duration of each tick/update
            when <see cref="P:Stride.Games.GameBase.IsFixedTimeStep"/> is enabled.
            </summary>
            <value>The target elapsed time.</value>
        </member>
        <member name="P:Stride.Games.GameBase.WindowMinimumUpdateRate">
            <summary>
            Access to the throttler used to set the minimum time allowed between each updates.
            </summary>
        </member>
        <member name="P:Stride.Games.GameBase.MinimizedMinimumUpdateRate">
            <summary>
            Access to the throttler used to set the minimum time allowed between each updates while the window is minimized and,
            depending on <see cref="P:Stride.Games.GameBase.TreatNotFocusedLikeMinimized"/>, while unfocused.
            </summary>
        </member>
        <member name="P:Stride.Games.GameBase.TreatNotFocusedLikeMinimized">
            <summary>
            Considers windows without user focus like a minimized window for <see cref="P:Stride.Games.GameBase.MinimizedMinimumUpdateRate"/> 
            </summary>
        </member>
        <member name="P:Stride.Games.GameBase.DrawWhileMinimized">
            <summary>
            Should this instance still render/draw when the window is minimized. Updates are still going to run regardless of the value set.
            </summary>
        </member>
        <member name="P:Stride.Games.GameBase.Window">
            <summary>
            Gets the abstract window.
            </summary>
            <value>The window.</value>
        </member>
        <member name="P:Stride.Games.GameBase.FullPlatformName">
            <summary>
            Gets the full name of the device this game is running if available
            </summary>
        </member>
        <member name="M:Stride.Games.GameBase.Exit">
            <summary>
            Exits the game.
            </summary>
        </member>
        <member name="M:Stride.Games.GameBase.ResetElapsedTime">
            <summary>
            Resets the elapsed time counter.
            </summary>
        </member>
        <member name="M:Stride.Games.GameBase.Run(Stride.Games.GameContext)">
            <summary>
            Call this method to initialize the game, begin running the game loop, and start processing events for the game.
            </summary>
            <param name="gameContext">The window Context for this game.</param>
            <exception cref="T:System.InvalidOperationException">Cannot run this instance while it is already running</exception>
        </member>
        <member name="M:Stride.Games.GameBase.PrepareContext">
            <summary>
            Creates or updates <see cref="P:Stride.Games.GameBase.Context"/> before window and device are created.
            </summary>
        </member>
        <member name="M:Stride.Games.GameBase.SuppressDraw">
            <summary>
            Prevents calls to Draw until the next Update.
            </summary>
        </member>
        <member name="M:Stride.Games.GameBase.Tick">
            <summary>
            Updates the game's clock and calls Update and Draw.
            </summary>
        </member>
        <member name="M:Stride.Games.GameBase.RawTickProducer">
            <summary>
            Calls <see cref="M:Stride.Games.GameBase.RawTick(System.TimeSpan,System.Int32,System.Single,System.Boolean)"/> automatically based on this game's setup, override it to implement your own system.
            </summary>
        </member>
        <member name="M:Stride.Games.GameBase.RawTick(System.TimeSpan,System.Int32,System.Single,System.Boolean)">
            <summary>
            Call this method within your overriden <see cref="M:Stride.Games.GameBase.RawTickProducer"/> to update and draw the game yourself. <br/>
            As this version is manual, there are a lot of functionality purposefully skipped: <br/>
            clamping elapsed time to a maximum, skipping drawing when the window is minimized, <see cref="M:Stride.Games.GameBase.ResetElapsedTime"/>, <see cref="M:Stride.Games.GameBase.SuppressDraw"/>, <see cref="P:Stride.Games.GameBase.IsFixedTimeStep"/>, <br/>
            <see cref="P:Stride.Games.GameBase.IsDrawDesynchronized"/>, <see cref="P:Stride.Games.GameBase.MinimizedMinimumUpdateRate"/> / <see cref="P:Stride.Games.GameBase.WindowMinimumUpdateRate"/> / <see cref="P:Stride.Games.GameBase.TreatNotFocusedLikeMinimized"/>.
            </summary>
            <param name="elapsedTimePerUpdate">
            The amount of time passed between each update of the game's system, 
            the total time passed would be <paramref name="elapsedTimePerUpdate"/> * <paramref name="updateCount"/>.
            </param>
            <param name="updateCount">
            The amount of updates that will be executed on the game's systems.
            </param>
            <param name="drawInterpolationFactor">
            See <see cref="P:Stride.Games.GameBase.DrawInterpolationFactor"/>
            </param>
            <param name="drawFrame">
            Draw a frame.
            </param>
        </member>
        <member name="M:Stride.Games.GameBase.BeginRun">
            <summary>
            Called after all components are initialized, before the game loop starts.
            </summary>
        </member>
        <member name="M:Stride.Games.GameBase.EndRun">
            <summary>Called after the game loop has stopped running before exiting.</summary>
        </member>
        <member name="M:Stride.Games.GameBase.BeginDraw">
            <summary>
            Starts the drawing of a frame. This method is followed by calls to <see cref="M:Stride.Games.GameBase.Update(Stride.Games.GameTime)"/>, <see cref="M:Stride.Games.GameBase.Draw(Stride.Games.GameTime)"/> and <see cref="M:Stride.Games.GameBase.EndDraw(System.Boolean)"/>.
            </summary>
            <returns><c>true</c> to continue drawing, false to not call <see cref="M:Stride.Games.GameBase.Draw(Stride.Games.GameTime)"/> and <see cref="M:Stride.Games.GameBase.EndDraw(System.Boolean)"/></returns>
        </member>
        <member name="M:Stride.Games.GameBase.Draw(Stride.Games.GameTime)">
            <summary>
            Reference page contains code sample.
            </summary>
            <param name="gameTime">
            Time passed since the last call to Draw.
            </param>
        </member>
        <member name="M:Stride.Games.GameBase.EndDraw(System.Boolean)">
            <summary>Ends the drawing of a frame. This method will always be preceeded by calls to <see cref="M:Stride.Games.GameBase.BeginDraw"/> and perhaps <see cref="M:Stride.Games.GameBase.Draw(Stride.Games.GameTime)"/> depending on if we had to do so. </summary>
        </member>
        <member name="M:Stride.Games.GameBase.Update(Stride.Games.GameTime)">
            <summary>
            Reference page contains links to related conceptual articles.
            </summary>
            <param name="gameTime">
            Time passed since the last call to Update.
            </param>
        </member>
        <member name="M:Stride.Games.GameBase.Initialize">
            <summary>Called after the Game is created, but before <see cref="P:Stride.Games.GameBase.GraphicsDevice"/> is available and before LoadContent(). Reference page contains code sample.</summary>
        </member>
        <member name="M:Stride.Games.GameBase.OnActivated(System.Object,System.EventArgs)">
            <summary>
            Raises the Activated event. Override this method to add code to handle when the game gains focus.
            </summary>
            <param name="sender">The Game.</param>
            <param name="args">Arguments for the Activated event.</param>
        </member>
        <member name="M:Stride.Games.GameBase.OnDeactivated(System.Object,System.EventArgs)">
            <summary>
            Raises the Deactivated event. Override this method to add code to handle when the game loses focus.
            </summary>
            <param name="sender">The Game.</param>
            <param name="args">Arguments for the Deactivated event.</param>
        </member>
        <member name="M:Stride.Games.GameBase.OnExiting(System.Object,System.EventArgs)">
            <summary>
            Raises an Exiting event. Override this method to add code to handle when the game is exiting.
            </summary>
            <param name="sender">The Game.</param>
            <param name="args">Arguments for the Exiting event.</param>
        </member>
        <member name="M:Stride.Games.GameBase.ShowMissingRequirementMessage(System.Exception)">
            <summary>
            This is used to display an error message if there is no suitable graphics device or sound card.
            </summary>
            <param name="exception">The exception to display.</param>
            <returns>The <see cref="T:System.Boolean" />.</returns>
        </member>
        <member name="M:Stride.Games.GameBase.UnloadContent">
            <summary>
            Called when graphics resources need to be unloaded. Override this method to unload any game-specific graphics resources.
            </summary>
        </member>
        <member name="T:Stride.Games.GameContext">
            <summary>
            Contains context used to render the game (Control for WinForm, a DrawingSurface for WP8...etc.).
            </summary>
        </member>
        <member name="P:Stride.Games.GameContext.ContextType">
            <summary>
            Context type of this instance.
            </summary>
        </member>
        <member name="P:Stride.Games.GameContext.IsUserManagingRun">
            <summary>
            Indicating whether the user will call the main loop. E.g. Stride is used as a library.
            </summary>
        </member>
        <member name="P:Stride.Games.GameContext.RunCallback">
            <summary>
            Gets the main loop callback to be called when <see cref="P:Stride.Games.GameContext.IsUserManagingRun"/> is true.
            </summary>
            <value>The run loop.</value>
        </member>
        <member name="P:Stride.Games.GameContext.ExitCallback">
            <summary>
            Gets the exit callback to be called when <see cref="P:Stride.Games.GameContext.IsUserManagingRun"/> is true when exiting the game.
            </summary>
            <value>The run loop.</value>
        </member>
        <member name="F:Stride.Games.GameContext.RequestedWidth">
            <summary>
            The requested width.
            </summary>
        </member>
        <member name="F:Stride.Games.GameContext.RequestedHeight">
            <summary>
            The requested height.
            </summary>
        </member>
        <member name="F:Stride.Games.GameContext.RequestedBackBufferFormat">
            <summary>
            The requested back buffer format.
            </summary>
        </member>
        <member name="F:Stride.Games.GameContext.RequestedDepthStencilFormat">
            <summary>
            The requested depth stencil format.
            </summary>
        </member>
        <member name="F:Stride.Games.GameContext.RequestedGraphicsProfile">
            <summary>
            THe requested graphics profiles.
            </summary>
        </member>
        <member name="F:Stride.Games.GameContext.DeviceCreationFlags">
            <summary>
            The device creation flags that will be used to create the <see cref="T:Stride.Graphics.GraphicsDevice"/>.
            </summary>
            <value>The device creation flags.</value>
        </member>
        <member name="F:Stride.Games.GameContext.InitializeDatabase">
            <summary>
            Indicate whether the game must initialize the default database when it starts running.
            </summary>
        </member>
        <member name="P:Stride.Games.GameContext.ProductName">
            <summary>
            Product name of game.
            TODO: Provide proper access title through code and game studio
            </summary>
        </member>
        <member name="P:Stride.Games.GameContext.ProductLocation">
            <summary>
            Product location of game.
            TODO: Only used for retrieving game's icon. See ProductName for future refactoring
            </summary>
        </member>
        <!-- Badly formed XML comment ignored for member "M:Stride.Games.GameContext.op_Implicit(System.Windows.Forms.Control)~Stride.Games.GameContext" -->
        <member name="T:Stride.Games.GameContext`1">
            <summary>
            Generic version of <see cref="T:Stride.Games.GameContext"/>. The later is used to describe a generic game Context.
            This version enables us to constraint the game context to a specifc toolkit and ensures a better cohesion
            between the various toolkit specific classes, such as InputManager, GameWindow.
            </summary>
            <typeparam name="TK"></typeparam>
        </member>
        <member name="P:Stride.Games.GameContext`1.Control">
            <summary>
            Underlying control associated with context.
            </summary>
        </member>
        <member name="M:Stride.Games.GameContext`1.#ctor(`0,System.Int32,System.Int32,System.Boolean)">
            <summary>
            Initializes a new instance of the <see cref="T:Stride.Games.GameContext" /> class.
            </summary>
            <param name="control">The control.</param>
            <param name="requestedWidth">Width of the requested.</param>
            <param name="requestedHeight">Height of the requested.</param>
        </member>
        <member name="T:Stride.Games.GameContextDesktop`1">
            <summary>
            Common ancestor to all game contexts on the Windows platform.
            </summary>
            <typeparam name="TK"></typeparam>
        </member>
        <member name="M:Stride.Games.GameContextDesktop`1.#ctor(`0,System.Int32,System.Int32,System.Boolean)">
            <inheritDoc/>
        </member>
        <member name="T:Stride.Games.GameContextFactory">
            <summary>
            Given a <see cref="T:Stride.Games.AppContextType"/> creates the corresponding GameContext instance based on the current executing platform.
            </summary>
        </member>
        <member name="M:Stride.Games.GameContextFactory.NewGameContext(Stride.Games.AppContextType,System.Int32,System.Int32,System.Boolean)">
            <summary>
            Given a <paramref name="type"/> create the appropriate game Context for the current executing platform.
            </summary>
            <returns></returns>
        </member>
        <member name="T:Stride.Games.GameContextSDL">
            <summary>
            A <see cref="T:Stride.Games.GameContext"/> to use for rendering to an existing SDL Window.
            </summary>
        </member>
        <member name="M:Stride.Games.GameContextSDL.#ctor(Stride.Graphics.SDL.Window,System.Int32,System.Int32,System.Boolean)">
            <inheritDoc/>
        </member>
        <member name="T:Stride.Games.GameContextWinforms">
            <summary>
            A <see cref="T:Stride.Games.GameContext"/> to use for rendering to an existing WinForm <see cref="T:System.Windows.Forms.Control"/>.
            </summary>
        </member>
        <member name="M:Stride.Games.GameContextWinforms.#ctor(System.Windows.Forms.Control,System.Int32,System.Int32,System.Boolean)">
            <inheritDoc/>
            <param name="isUserManagingRun">Is user managing event processing of <paramref name="control"/>?</param>
        </member>
        <member name="T:Stride.Games.GameGraphicsParameters">
            <summary>
              Describess how data will be displayed to the screen.
            </summary>
        </member>
        <member name="F:Stride.Games.GameGraphicsParameters.PreferredBackBufferWidth">
            <summary>
              A value that describes the resolution width.
            </summary>
        </member>
        <member name="F:Stride.Games.GameGraphicsParameters.PreferredBackBufferHeight">
            <summary>
              A value that describes the resolution height.
            </summary>
        </member>
        <member name="F:Stride.Games.GameGraphicsParameters.PreferredBackBufferFormat">
            <summary>
              A <strong><see cref="T:SharpDX.DXGI.Format" /></strong> structure describing the display format.
            </summary>
        </member>
        <member name="F:Stride.Games.GameGraphicsParameters.PreferredDepthStencilFormat">
            <summary>
            Gets or sets the depth stencil format
            </summary>
        </member>
        <member name="F:Stride.Games.GameGraphicsParameters.IsFullScreen">
            <summary>
              Gets or sets a value indicating whether the application is in full screen mode.
            </summary>
        </member>
        <member name="F:Stride.Games.GameGraphicsParameters.PreferredFullScreenOutputIndex">
            <summary>
            The output (monitor) index to use when switching to fullscreen mode. Doesn't have any effect when windowed mode is used.
            </summary>
        </member>
        <member name="F:Stride.Games.GameGraphicsParameters.PreferredGraphicsProfile">
            <summary>
            Gets or sets the minimum graphics profile.
            </summary>
        </member>
        <member name="F:Stride.Games.GameGraphicsParameters.PreferredRefreshRate">
            <summary>
            The preferred refresh rate
            </summary>
        </member>
        <member name="F:Stride.Games.GameGraphicsParameters.PreferredMultisampleCount">
            <summary>
              Gets or sets a value indicating the number of sample locations during multisampling.
            </summary>
        </member>
        <member name="F:Stride.Games.GameGraphicsParameters.SynchronizeWithVerticalRetrace">
            <summary>
            Gets or sets a value indicating whether to synochrnize present with vertical blanking.
            </summary>
        </member>
        <member name="F:Stride.Games.GameGraphicsParameters.ColorSpace">
            <summary>
            Gets or sets the colorspace.
            </summary>
        </member>
        <member name="F:Stride.Games.GameGraphicsParameters.RequiredAdapterUid">
            <summary>
            If populated the engine will try to initialize the device with the same unique id
            </summary>
        </member>
        <member name="P:Stride.Games.GamePlatform.IsBlockingRun">
            <summary>
            If <c>true</c>, <see cref="!:Game.Run()"/> is blocking until the game is exited, i.e. internal main loop is used.
            If <c>false</c>, <see cref="!:Game.Run()"/> returns immediately and the caller has to manage the main loop by invoking the <see cref="F:Stride.Games.GameWindow.RunCallback"/>.
            </summary>
        </member>
        <member name="T:Stride.Games.GameProfilingKeys">
            <summary>
            Keys used for profiling the game class.
            </summary>
        </member>
        <member name="F:Stride.Games.GameProfilingKeys.GameInitialize">
            <summary>
            Profiling initialization of a Game instance.
            </summary>
        </member>
        <member name="F:Stride.Games.GameProfilingKeys.GameLoadContent">
            <summary>
            Profiling load content of a Game instance.
            </summary>
        </member>
        <member name="F:Stride.Games.GameProfilingKeys.GameSystemInitialize">
            <summary>
            Profiling initialization of a <see cref="T:Stride.Games.IGameSystemBase"/>.
            </summary>
        </member>
        <member name="F:Stride.Games.GameProfilingKeys.GameSystemLoadContent">
            <summary>
            Profiling LoadContent of a <see cref="T:Stride.Games.IGameSystemBase"/>.
            </summary>
        </member>
        <member name="F:Stride.Games.GameProfilingKeys.GameDraw">
            <summary>
            Profiling Draw() method of a <see cref="T:Stride.Games.GameBase"/>. This profiling is only used through markers published every seconds.
            </summary>
        </member>
        <member name="F:Stride.Games.GameProfilingKeys.GameEndDraw">
            <summary>
            Profiling EndDraw() method of a <see cref="T:Stride.Games.GameBase"/>. This profiling is only used through markers published every seconds.
            </summary>
        </member>
        <member name="F:Stride.Games.GameProfilingKeys.GameUpdate">
            <summary>
            Profiling Update() method of a <see cref="T:Stride.Games.GameBase"/>. This profiling is only used through markers published every seconds.
            </summary>
        </member>
        <member name="F:Stride.Games.GameProfilingKeys.GameDrawFPS">
            <summary>
            Profiling Draw() method of a <see cref="T:Stride.Games.GameBase"/>. This profiling is only used through markers published every seconds.
            </summary>
        </member>
        <member name="F:Stride.Games.GameProfilingKeys.ObjectDatabaseInitialize">
            <summary>
            Profiling Object Database initialization.
            </summary>
        </member>
        <member name="F:Stride.Games.GameProfilingKeys.EntityProcessorInitialize">
            <summary>
            Profiling Entity processors initialization.
            </summary>
        </member>
        <member name="T:Stride.Games.GameSystemBase">
            <summary>
            Base class for a <see cref="T:Stride.Games.GameSystemBase"/> component.
            </summary>
            <remarks>
            A <see cref="T:Stride.Games.GameSystemBase"/> component can be used to 
            </remarks>
        </member>
        <member name="M:Stride.Games.GameSystemBase.#ctor(Stride.Core.IServiceRegistry)">
            <summary>
            Initializes a new instance of the <see cref="T:Stride.Games.GameSystemBase" /> class.
            </summary>
            <param name="registry">The registry.</param>
            <remarks>
            The GameSystem is expecting the following services to be registered: <see cref="T:Stride.Games.IGame"/> and <see cref="T:Stride.Core.Serialization.Contents.IContentManager"/>.
            </remarks>
        </member>
        <member name="P:Stride.Games.GameSystemBase.Game">
            <summary>
            Gets the <see cref="P:Stride.Games.GameSystemBase.Game"/> associated with this <see cref="T:Stride.Games.GameSystemBase"/>. This value can be null in a mock environment.
            </summary>
            <value>The game.</value>
            <remarks>This value can be null</remarks>
        </member>
        <member name="P:Stride.Games.GameSystemBase.Services">
            <summary>
            Gets the services registry.
            </summary>
            <value>The services registry.</value>
        </member>
        <member name="P:Stride.Games.GameSystemBase.Content">
            <summary>
            Gets the content manager. This value can be null in a mock environment.
            </summary>
            <value>The content.</value>
        </member>
        <member name="P:Stride.Games.GameSystemBase.GraphicsDevice">
            <summary>
            Gets the graphics device.
            </summary>
            <value>The graphics device.</value>
        </member>
        <member name="T:Stride.Games.GameSystemCollection">
            <summary>A collection of game components.</summary>
        </member>
        <member name="P:Stride.Games.GameSystemCollection.State">
            <summary>
            Gets the state of this game system collection.
            </summary>
            <value>
            The state of this game system collection.
            </value>
        </member>
        <member name="P:Stride.Games.GameSystemCollection.IsFirstUpdateDone">
            <summary>
            Gets a value indicating whether first update has been done.
            </summary>
            <value>
              <c>true</c> if first update has been done; otherwise, <c>false</c>.
            </value>
        </member>
        <member name="M:Stride.Games.GameSystemCollection.Update(Stride.Games.GameTime)">
            <summary>
            Reference page contains links to related conceptual articles.
            </summary>
            <param name="gameTime">
            Time passed since the last call to Update.
            </param>
        </member>
        <member name="M:Stride.Games.GameSystemCollection.Draw(Stride.Games.GameTime)">
            <summary>
            Reference page contains code sample.
            </summary>
            <param name="gameTime">
            Time passed since the last call to Draw.
            </param>
        </member>
        <member name="M:Stride.Games.GameSystemCollection.LoadContent">
            <summary>
            Loads the content.
            </summary>
        </member>
        <member name="M:Stride.Games.GameSystemCollection.UnloadContent">
            <summary>
            Called when graphics resources need to be unloaded. Override this method to unload any game-specific graphics resources.
            </summary>
        </member>
        <member name="T:Stride.Games.GameSystemCollection.DrawableComparer">
            <summary>
            The comparer used to order <see cref="T:Stride.Games.IDrawable"/> objects.
            </summary>
        </member>
        <member name="T:Stride.Games.GameSystemCollection.UpdateableComparer">
            <summary>
            The comparer used to order <see cref="T:Stride.Games.IUpdateable"/> objects.
            </summary>
        </member>
        <member name="T:Stride.Games.GameSystemState">
            <summary>
            Describes state of the GameSystemCollection.
            </summary>
        </member>
        <member name="T:Stride.Games.GameTime">
            <summary>
            Current timing used for variable-step (real time) or fixed-step (game time) games.
            </summary>
        </member>
        <member name="M:Stride.Games.GameTime.#ctor">
            <summary>
            Initializes a new instance of the <see cref="T:Stride.Games.GameTime" /> class.
            </summary>
        </member>
        <member name="M:Stride.Games.GameTime.#ctor(System.TimeSpan,System.TimeSpan)">
            <summary>
            Initializes a new instance of the <see cref="T:Stride.Games.GameTime" /> class.
            </summary>
            <param name="totalTime">The total game time since the start of the game.</param>
            <param name="elapsedTime">The elapsed game time since the last update.</param>
        </member>
        <member name="P:Stride.Games.GameTime.Elapsed">
            <summary>
            Gets the elapsed game time since the last update
            </summary>
            <value>The elapsed game time.</value>
        </member>
        <member name="P:Stride.Games.GameTime.Total">
            <summary>
            Gets the amount of game time since the start of the game.
            </summary>
            <value>The total game time.</value>
        </member>
        <member name="P:Stride.Games.GameTime.FrameCount">
            <summary>
            Gets the current frame count since the start of the game.
            </summary>
        </member>
        <member name="P:Stride.Games.GameTime.FramePerSecond">
            <summary>
            Gets the number of frame per second (FPS) for the current running game.
            </summary>
            <value>The frame per second.</value>
        </member>
        <member name="P:Stride.Games.GameTime.TimePerFrame">
            <summary>
            Gets the time per frame.
            </summary>
            <value>The time per frame.</value>
        </member>
        <member name="P:Stride.Games.GameTime.FramePerSecondUpdated">
            <summary>
            Gets a value indicating whether the <see cref="P:Stride.Games.GameTime.FramePerSecond"/> and <see cref="P:Stride.Games.GameTime.TimePerFrame"/> were updated for this frame.
            </summary>
            <value><c>true</c> if the <see cref="P:Stride.Games.GameTime.FramePerSecond"/> and <see cref="P:Stride.Games.GameTime.TimePerFrame"/> were updated for this frame; otherwise, <c>false</c>.</value>
        </member>
        <member name="P:Stride.Games.GameTime.WarpElapsed">
            <summary>
            Gets the amount of time elapsed multiplied by the time factor.
            </summary>
            <value>The warped elapsed time</value>
        </member>
        <member name="P:Stride.Games.GameTime.Factor">
            <summary>
            Gets or sets the time factor.<br/>
            This value controls how much the warped time flows, this includes physics, animations and particles.
            A value between 0 and 1 will slow time, a value above 1 will make it faster.
            </summary>
            <value>The multiply factor, a double value higher or equal to 0</value>
        </member>
        <member name="M:Stride.Games.GameUnhandledExceptionEventArgs.#ctor(System.Object,System.Boolean)">
            <summary>
            Initializes a new instance of the <see cref="T:Stride.Games.GameUnhandledExceptionEventArgs"/> class.
            </summary>
            <param name="exceptionObject">The exception object.</param>
            <param name="isTerminating">if set to <c>true</c> [is terminating].</param>
        </member>
        <member name="P:Stride.Games.GameUnhandledExceptionEventArgs.ExceptionObject">
            <summary>
            Gets the unhandled exception object.
            </summary>
            <value>
            The unhandled exception object.
            </value>
        </member>
        <member name="P:Stride.Games.GameUnhandledExceptionEventArgs.IsTerminating">
            <summary>
            Gets a value indicating whether the CLR is terminating.
            </summary>
            <value>
              <c>true</c> if CLR is terminating; otherwise, <c>false</c>.
            </value>
        </member>
        <member name="T:Stride.Games.GameWindow">
            <summary>
            An abstract window.
            </summary>
        </member>
        <member name="F:Stride.Games.GameWindow.IsActivated">
            <summary>
            Indicate if the window is currently activated.
            </summary>
        </member>
        <member name="E:Stride.Games.GameWindow.Activated">
            <summary>
            Occurs when this window is activated.
            </summary>
        </member>
        <member name="E:Stride.Games.GameWindow.ClientSizeChanged">
            <summary>
            Occurs when device client size is changed.
            </summary>
        </member>
        <member name="E:Stride.Games.GameWindow.Deactivated">
            <summary>
            Occurs when this window is deactivated.
            </summary>
        </member>
        <member name="E:Stride.Games.GameWindow.OrientationChanged">
            <summary>
            Occurs when device orientation is changed.
            </summary>
        </member>
        <member name="E:Stride.Games.GameWindow.FullscreenChanged">
            <summary>
            Occurs when device fullscreen mode is changed.
            </summary>
        </member>
        <member name="E:Stride.Games.GameWindow.Closing">
            <summary>
            Occurs before the window gets destroyed.
            </summary>
        </member>
        <member name="P:Stride.Games.GameWindow.AllowUserResizing">
            <summary>
            Gets or sets, user possibility to resize this window.
            </summary>
        </member>
        <member name="P:Stride.Games.GameWindow.ClientBounds">
            <summary>
            Gets the client bounds.
            </summary>
            <value>The client bounds.</value>
        </member>
        <member name="P:Stride.Games.GameWindow.CurrentOrientation">
            <summary>
            Gets the current orientation.
            </summary>
            <value>The current orientation.</value>
        </member>
        <member name="P:Stride.Games.GameWindow.IsMinimized">
            <summary>
            Gets a value indicating whether this instance is minimized.
            </summary>
            <value><c>true</c> if this instance is minimized; otherwise, <c>false</c>.</value>
        </member>
        <member name="P:Stride.Games.GameWindow.Focused">
            <summary>
            Gets a value indicating whether this instance is in focus.
            </summary>
            <value><c>true</c> if this instance is in focus; otherwise, <c>false</c>.</value>
        </member>
        <member name="P:Stride.Games.GameWindow.IsMouseVisible">
            <summary>
            Gets or sets a value indicating whether the mouse pointer is visible over this window.
            </summary>
            <value><c>true</c> if this instance is mouse visible; otherwise, <c>false</c>.</value>
        </member>
        <member name="P:Stride.Games.GameWindow.NativeWindow">
            <summary>
            Gets the native window.
            </summary>
            <value>The native window.</value>
        </member>
        <member name="P:Stride.Games.GameWindow.Visible">
            <summary>
            Gets or sets a value indicating whether this <see cref="T:Stride.Games.GameWindow" /> is visible.
            </summary>
            <value><c>true</c> if visible; otherwise, <c>false</c>.</value>
        </member>
        <member name="P:Stride.Games.GameWindow.Position">
            <summary>
            Gets or sets the position of the window on the screen.
            </summary>
        </member>
        <member name="P:Stride.Games.GameWindow.IsBorderLess">
            <summary>
            Gets or sets a value indicating whether this window has a border
            </summary>
            <value><c>true</c> if this window has a border; otherwise, <c>false</c>.</value>
        </member>
        <member name="P:Stride.Games.GameWindow.Title">
            <summary>
            Gets or sets the title of the window.
            </summary>
        </member>
        <member name="P:Stride.Games.GameWindow.PreferredWindowedSize">
            <summary>
            The size the window should have when switching from fullscreen to windowed mode.
            To get the current actual size use <see cref="P:Stride.Games.GameWindow.ClientBounds"/>.
            This gets overwritten when the user resizes the window. 
            </summary>
        </member>
        <member name="P:Stride.Games.GameWindow.PreferredFullscreenSize">
            <summary>
            The size the window should have when switching from windowed to fullscreen mode.
            To get the current actual size use <see cref="P:Stride.Games.GameWindow.ClientBounds"/>.
            </summary>
        </member>
        <member name="P:Stride.Games.GameWindow.FullscreenIsBorderlessWindow">
            <summary>
            Whether the fullscreen mode should be a borderless window matching the desktop size.
            </summary>
            <remarks>This flag is currently ignored on all game platforms other than SDL.</remarks>
        </member>
        <member name="P:Stride.Games.GameWindow.IsFullscreen">
            <summary>
            Switches between fullscreen and windowed mode.
            </summary>
        </member>
        <member name="M:Stride.Games.GameWindow.SetIsReallyFullscreen(System.Boolean)">
            <summary>
            Allow the GraphicsDeviceMagnager to set the actual window state after applying the device changes.
            </summary>
            <param name="isReallyFullscreen"></param>
        </member>
        <member name="M:Stride.Games.GameWindow.SetSize(Stride.Core.Mathematics.Int2)">
            <summary>
            Sets the size of the client area and triggers the <see cref="E:Stride.Games.GameWindow.ClientSizeChanged"/> event.
            This will trigger a backbuffer resize too.
            </summary>
        </member>
        <member name="M:Stride.Games.GameWindow.Resize(System.Int32,System.Int32)">
            <summary>
            Only used internally by the device managers when they adapt the window size to the backbuffer size.
            Resizes the window, without sending the resized event.
            </summary>
        </member>
        <member name="T:Stride.Games.GameWindowRenderer">
            <summary>
            A GameSystem that allows to draw to another window or control. Currently only valid on desktop with Windows.Forms.
            </summary>
        </member>
        <member name="M:Stride.Games.GameWindowRenderer.#ctor(Stride.Core.IServiceRegistry,Stride.Games.GameContext)">
            <summary>
            Initializes a new instance of the <see cref="T:Stride.Games.GameWindowRenderer" /> class.
            </summary>
            <param name="registry">The registry.</param>
            <param name="gameContext">The window context.</param>
        </member>
        <member name="P:Stride.Games.GameWindowRenderer.GameContext">
            <summary>
            Gets the underlying native window.
            </summary>
            <value>The underlying native window.</value>
        </member>
        <member name="P:Stride.Games.GameWindowRenderer.Window">
            <summary>
            Gets the window.
            </summary>
            <value>The window.</value>
        </member>
        <member name="P:Stride.Games.GameWindowRenderer.Presenter">
            <summary>
            Gets or sets the presenter.
            </summary>
            <value>The presenter.</value>
        </member>
        <member name="P:Stride.Games.GameWindowRenderer.PreferredBackBufferFormat">
            <summary>
            Gets or sets the preferred back buffer format.
            </summary>
            <value>The preferred back buffer format.</value>
        </member>
        <member name="P:Stride.Games.GameWindowRenderer.PreferredBackBufferHeight">
            <summary>
            Gets or sets the height of the preferred back buffer.
            </summary>
            <value>The height of the preferred back buffer.</value>
        </member>
        <member name="P:Stride.Games.GameWindowRenderer.PreferredBackBufferWidth">
            <summary>
            Gets or sets the width of the preferred back buffer.
            </summary>
            <value>The width of the preferred back buffer.</value>
        </member>
        <member name="P:Stride.Games.GameWindowRenderer.PreferredDepthStencilFormat">
            <summary>
            Gets or sets the preferred depth stencil format.
            </summary>
            <value>The preferred depth stencil format.</value>
        </member>
        <member name="M:Stride.Games.GraphicsDeviceInformation.#ctor">
            <summary>
            Initializes a new instance of the <see cref="T:Stride.Games.GraphicsDeviceInformation" /> class.
            </summary>
        </member>
        <member name="P:Stride.Games.GraphicsDeviceInformation.Adapter">
            <summary>
            Gets or sets the adapter.
            </summary>
            <value>The adapter.</value>
            <exception cref="T:System.ArgumentNullException">if value is null</exception>
        </member>
        <member name="P:Stride.Games.GraphicsDeviceInformation.GraphicsProfile">
            <summary>
            Gets or sets the graphics profile.
            </summary>
            <value>The graphics profile.</value>
            <exception cref="T:System.ArgumentNullException">if value is null</exception>
        </member>
        <member name="P:Stride.Games.GraphicsDeviceInformation.PresentationParameters">
            <summary>
            Gets or sets the presentation parameters.
            </summary>
            <value>The presentation parameters.</value>
            <exception cref="T:System.ArgumentNullException">if value is null</exception>
        </member>
        <member name="P:Stride.Games.GraphicsDeviceInformation.DeviceCreationFlags">
            <summary>
            Gets or sets the creation flags.
            </summary>
            <value>The creation flags.</value>
        </member>
        <member name="M:Stride.Games.GraphicsDeviceInformation.Clone">
            <summary>
            Clones this instance.
            </summary>
            <returns>A new copy-instance of this GraphicsDeviceInformation.</returns>
        </member>
        <member name="T:Stride.Games.GraphicsDeviceManager">
            <summary>
            Manages the <see cref="P:Stride.Games.GraphicsDeviceManager.GraphicsDevice"/> lifecycle.
            </summary>
        </member>
        <member name="F:Stride.Games.GraphicsDeviceManager.DefaultBackBufferWidth">
            <summary>
            Default width for the back buffer.
            </summary>
        </member>
        <member name="F:Stride.Games.GraphicsDeviceManager.DefaultBackBufferHeight">
            <summary>
            Default height for the back buffer.
            </summary>
        </member>
        <member name="M:Stride.Games.GraphicsDeviceManager.#ctor(Stride.Games.GameBase)">
            <summary>
            Initializes a new instance of the <see cref="T:Stride.Games.GraphicsDeviceManager" /> class.
            </summary>
            <param name="game">The game.</param>
            <exception cref="T:System.ArgumentNullException">The game instance cannot be null.</exception>
        </member>
        <member name="P:Stride.Games.GraphicsDeviceManager.PreferredGraphicsProfile">
            <summary>
            Gets or sets the list of graphics profile to select from the best feature to the lower feature. See remarks.
            </summary>
            <value>The graphics profile.</value>
            <remarks>
            By default, the PreferredGraphicsProfile is set to { <see cref="F:Stride.Graphics.GraphicsProfile.Level_11_1"/>, 
            <see cref="F:Stride.Graphics.GraphicsProfile.Level_11_0"/>,
            <see cref="F:Stride.Graphics.GraphicsProfile.Level_10_1"/>,
            <see cref="F:Stride.Graphics.GraphicsProfile.Level_10_0"/>,
            <see cref="F:Stride.Graphics.GraphicsProfile.Level_9_3"/>,
            <see cref="F:Stride.Graphics.GraphicsProfile.Level_9_2"/>,
            <see cref="F:Stride.Graphics.GraphicsProfile.Level_9_1"/>}
            </remarks>
        </member>
        <member name="P:Stride.Games.GraphicsDeviceManager.ShaderProfile">
            <summary>
            Gets or sets the shader graphics profile that will be used to compile shaders. See remarks.
            </summary>
            <value>The shader graphics profile.</value>
            <remarks>If this property is not set, the profile used to compile the shader will be taken from the <see cref="P:Stride.Games.GraphicsDeviceManager.GraphicsDevice"/> 
            based on the list provided by <see cref="P:Stride.Games.GraphicsDeviceManager.PreferredGraphicsProfile"/></remarks>
        </member>
        <member name="P:Stride.Games.GraphicsDeviceManager.DeviceCreationFlags">
            <summary>
            Gets or sets the device creation flags that will be used to create the <see cref="P:Stride.Games.GraphicsDeviceManager.GraphicsDevice"/>
            </summary>
            <value>The device creation flags.</value>
        </member>
        <member name="P:Stride.Games.GraphicsDeviceManager.RequiredAdapterUid">
            <summary>
            If populated the engine will try to initialize the device with the same unique id
            </summary>
        </member>
        <member name="P:Stride.Games.GraphicsDeviceManager.PreferredColorSpace">
            <summary>
            Gets or sets the default color space.
            </summary>
            <value>The default color space.</value>
        </member>
        <member name="M:Stride.Games.GraphicsDeviceManager.SetPreferredGraphicsProfile(Stride.Graphics.GraphicsProfile[])">
            <summary>
            Sets the preferred graphics profile.
            </summary>
            <param name="levels">The levels.</param>
            <seealso cref="P:Stride.Games.GraphicsDeviceManager.PreferredGraphicsProfile"/>
        </member>
        <member name="P:Stride.Games.GraphicsDeviceManager.IsFullScreen">
            <summary>
            Gets or sets a value indicating whether this instance is full screen.
            </summary>
            <value><c>true</c> if this instance is full screen; otherwise, <c>false</c>.</value>
        </member>
        <member name="P:Stride.Games.GraphicsDeviceManager.PreferredMultisampleCount">
            <summary>
            Gets or sets a value indicating whether [prefer multi sampling].
            </summary>
            <value><c>true</c> if [prefer multi sampling]; otherwise, <c>false</c>.</value>
        </member>
        <member name="P:Stride.Games.GraphicsDeviceManager.PreferredBackBufferFormat">
            <summary>
            Gets or sets the preferred back buffer format.
            </summary>
            <value>The preferred back buffer format.</value>
        </member>
        <member name="P:Stride.Games.GraphicsDeviceManager.PreferredBackBufferHeight">
            <summary>
            Gets or sets the height of the preferred back buffer.
            </summary>
            <value>The height of the preferred back buffer.</value>
        </member>
        <member name="P:Stride.Games.GraphicsDeviceManager.PreferredBackBufferWidth">
            <summary>
            Gets or sets the width of the preferred back buffer.
            </summary>
            <value>The width of the preferred back buffer.</value>
        </member>
        <member name="P:Stride.Games.GraphicsDeviceManager.PreferredDepthStencilFormat">
            <summary>
            Gets or sets the preferred depth stencil format.
            </summary>
            <value>The preferred depth stencil format.</value>
        </member>
        <member name="P:Stride.Games.GraphicsDeviceManager.PreferredRefreshRate">
            <summary>
            Gets or sets the preferred refresh rate.
            </summary>
            <value>The preferred refresh rate.</value>
        </member>
        <member name="P:Stride.Games.GraphicsDeviceManager.PreferredFullScreenOutputIndex">
            <summary>
            The output (monitor) index to use when switching to fullscreen mode. Doesn't have any effect when windowed mode is used.
            </summary>
        </member>
        <member name="P:Stride.Games.GraphicsDeviceManager.SupportedOrientations">
            <summary>
            Gets or sets the supported orientations.
            </summary>
            <value>The supported orientations.</value>
        </member>
        <member name="P:Stride.Games.GraphicsDeviceManager.SynchronizeWithVerticalRetrace">
            <summary>
            Gets or sets a value indicating whether [synchronize with vertical retrace].
            </summary>
            <value><c>true</c> if [synchronize with vertical retrace]; otherwise, <c>false</c>.</value>
        </member>
        <member name="M:Stride.Games.GraphicsDeviceManager.ApplyChanges">
            <summary>
            Applies the changes from this instance and change or create the <see cref="P:Stride.Games.GraphicsDeviceManager.GraphicsDevice"/> according to the new values.
            </summary>
        </member>
        <member name="M:Stride.Games.GraphicsDeviceManager.CanResetDevice(Stride.Games.GraphicsDeviceInformation)">
            <summary>
            Determines whether this instance is compatible with the the specified new <see cref="T:Stride.Games.GraphicsDeviceInformation"/>.
            </summary>
            <param name="newDeviceInfo">The new device info.</param>
            <returns><c>true</c> if this instance this instance is compatible with the the specified new <see cref="T:Stride.Games.GraphicsDeviceInformation"/>; otherwise, <c>false</c>.</returns>
        </member>
        <member name="M:Stride.Games.GraphicsDeviceManager.FindBestDevice(System.Boolean)">
            <summary>
            Finds the best device that is compatible with the preferences defined in this instance.
            </summary>
            <param name="anySuitableDevice">if set to <c>true</c> a device can be selected from any existing adapters, otherwise, it will select only from default adapter.</param>
            <returns>The graphics device information.</returns>
        </member>
        <member name="M:Stride.Games.GraphicsDeviceManager.RankDevices(System.Collections.Generic.List{Stride.Games.GraphicsDeviceInformation})">
            <summary>
            Ranks a list of <see cref="T:Stride.Games.GraphicsDeviceInformation"/> before creating a new device.
            </summary>
            <param name="foundDevices">The list of devices that can be reorder.</param>
        </member>
        <member name="T:Stride.Games.GraphicsDeviceManagerProfilingKeys">
            <summary>
            Profiling keys for <see cref="F:Stride.Games.GraphicsDeviceManagerProfilingKeys.GraphicsDeviceManager"/>.
            </summary>
        </member>
        <member name="F:Stride.Games.GraphicsDeviceManagerProfilingKeys.CreateDevice">
            <summary>
            Profiling graphics device initialization.
            </summary>
        </member>
        <member name="T:Stride.Games.IContentable">
            <summary>
            An interface to load and unload asset.
            </summary>
        </member>
        <member name="M:Stride.Games.IContentable.LoadContent">
            <summary>
            Loads the assets.
            </summary>
        </member>
        <member name="M:Stride.Games.IContentable.UnloadContent">
            <summary>
            Called when graphics resources need to be unloaded. Override this method to unload any game-specific graphics resources.
            </summary>
        </member>
        <member name="T:Stride.Games.IDrawable">
            <summary>
            An interface for a drawable game component that is called by the <see cref="T:Stride.Games.GameBase"/> class.
            </summary>
        </member>
        <member name="E:Stride.Games.IDrawable.DrawOrderChanged">
            <summary>
            Occurs when the <see cref="P:Stride.Games.IDrawable.DrawOrder"/> property changes.
            </summary>
        </member>
        <member name="E:Stride.Games.IDrawable.VisibleChanged">
            <summary>
            Occurs when the <see cref="P:Stride.Games.IDrawable.Visible"/> property changes.
            </summary>
        </member>
        <member name="M:Stride.Games.IDrawable.BeginDraw">
            <summary>
            Starts the drawing of a frame. This method is followed by calls to Draw and EndDraw.
            </summary>
            <returns><c>true</c> if Draw should occur, <c>false</c> otherwise</returns>
        </member>
        <member name="M:Stride.Games.IDrawable.Draw(Stride.Games.GameTime)">
            <summary>
            Draws this instance.
            </summary>
            <param name="gameTime">The current timing.</param>
        </member>
        <member name="M:Stride.Games.IDrawable.EndDraw">
            <summary>
            Ends the drawing of a frame. This method is preceeded by calls to Draw and BeginDraw.
            </summary>
        </member>
        <member name="P:Stride.Games.IDrawable.Visible">
            <summary>
            Gets a value indicating whether the <see cref="M:Stride.Games.IDrawable.Draw(Stride.Games.GameTime)"/> method should be called by <see cref="M:Stride.Games.GameBase.Draw(Stride.Games.GameTime)"/>.
            </summary>
            <value><c>true</c> if this drawable component is visible; otherwise, <c>false</c>.</value>
        </member>
        <member name="P:Stride.Games.IDrawable.DrawOrder">
            <summary>
            Gets the draw order relative to other objects. <see cref="T:Stride.Games.IDrawable"/> objects with a lower value are drawn first.
            </summary>
            <value>The draw order.</value>
        </member>
        <member name="E:Stride.Games.IGame.Activated">
            <summary>
            Occurs when [activated].
            </summary>
        </member>
        <member name="E:Stride.Games.IGame.Deactivated">
            <summary>
            Occurs when [deactivated].
            </summary>
        </member>
        <member name="E:Stride.Games.IGame.Exiting">
            <summary>
            Occurs when [exiting].
            </summary>
        </member>
        <member name="E:Stride.Games.IGame.WindowCreated">
            <summary>
            Occurs when [window created].
            </summary>
        </member>
        <member name="P:Stride.Games.IGame.UpdateTime">
            <summary>
            Gets the current game time.
            </summary>
            <value>The current game time.</value>
        </member>
        <member name="P:Stride.Games.IGame.DrawTime">
            <summary>
            Gets the current draw time.
            </summary>
            <value>The current draw time.</value>
        </member>
        <member name="P:Stride.Games.IGame.DrawInterpolationFactor">
            <summary>
            Gets the draw interpolation factor, which is (<see cref="P:Stride.Games.IGame.UpdateTime"/> - <see cref="P:Stride.Games.IGame.DrawTime"/>) / <see cref="P:Stride.Games.IGame.TargetElapsedTime"/>.
            If <see cref="P:Stride.Games.IGame.IsFixedTimeStep"/> is false, it will be 0 as <see cref="P:Stride.Games.IGame.UpdateTime"/> and <see cref="P:Stride.Games.IGame.DrawTime"/> will be equal.
            </summary>
            <value>
            The draw interpolation factor.
            </value>
        </member>
        <member name="P:Stride.Games.IGame.Content">
            <summary>
            Gets or sets the <see cref="T:Stride.Core.Serialization.Contents.ContentManager"/>.
            </summary>
            <value>The content manager.</value>
        </member>
        <member name="P:Stride.Games.IGame.GameSystems">
            <summary>
            Gets the game components registered by this game.
            </summary>
            <value>The game components.</value>
        </member>
        <member name="P:Stride.Games.IGame.Context">
            <summary>
            Gets the game context.
            </summary>
            <value>The game context.</value>
        </member>
        <member name="P:Stride.Games.IGame.GraphicsDevice">
            <summary>
            Gets the graphics device.
            </summary>
            <value>The graphics device.</value>
        </member>
        <member name="P:Stride.Games.IGame.GraphicsContext">
            <summary>
            Gets the graphics context.
            </summary>
            <value>The graphics context.</value>
        </member>
        <member name="P:Stride.Games.IGame.InactiveSleepTime">
            <summary>
            Gets or sets the inactive sleep time.
            </summary>
            <value>The inactive sleep time.</value>
        </member>
        <member name="P:Stride.Games.IGame.IsActive">
            <summary>
            Gets a value indicating whether this instance is active.
            </summary>
            <value><c>true</c> if this instance is active; otherwise, <c>false</c>.</value>
        </member>
        <member name="P:Stride.Games.IGame.IsFixedTimeStep">
            <summary>
            Gets or sets a value indicating whether this instance is fixed time step.
            </summary>
            <value><c>true</c> if this instance is fixed time step; otherwise, <c>false</c>.</value>
        </member>
        <member name="P:Stride.Games.IGame.IsDrawDesynchronized">
            <summary>
            Gets or sets a value indicating whether draw can happen as fast as possible, even when <see cref="P:Stride.Games.IGame.IsFixedTimeStep"/> is set.
            </summary>
            <value><c>true</c> if this instance allows desychronized drawing; otherwise, <c>false</c>.</value>
        </member>
        <member name="P:Stride.Games.IGame.IsMouseVisible">
            <summary>
            Gets or sets a value indicating whether the mouse should be visible.
            </summary>
            <value><c>true</c> if the mouse should be visible; otherwise, <c>false</c>.</value>
        </member>
        <member name="P:Stride.Games.IGame.LaunchParameters">
            <summary>
            Gets the launch parameters.
            </summary>
            <value>The launch parameters.</value>
        </member>
        <member name="P:Stride.Games.IGame.IsRunning">
            <summary>
            Gets a value indicating whether is running.
            </summary>
        </member>
        <member name="P:Stride.Games.IGame.Services">
            <summary>
            Gets the service container.
            </summary>
            <value>The service container.</value>
        </member>
        <member name="P:Stride.Games.IGame.TargetElapsedTime">
            <summary>
            Gets or sets the target elapsed time.
            </summary>
            <value>The target elapsed time.</value>
        </member>
        <member name="P:Stride.Games.IGame.Window">
            <summary>
            Gets the abstract window.
            </summary>
            <value>The window.</value>
        </member>
        <member name="T:Stride.Games.IGamePlatform">
            <summary>
            Interface for a game platform (OS, machine dependent).
            </summary>
        </member>
        <member name="P:Stride.Games.IGamePlatform.DefaultAppDirectory">
            <summary>
            Gets the default app directory.
            </summary>
            <value>The default app directory.</value>
        </member>
        <member name="P:Stride.Games.IGamePlatform.MainWindow">
            <summary>
            Gets the main window.
            </summary>
            <value>The main window.</value>
        </member>
        <member name="M:Stride.Games.IGamePlatform.CreateWindow(Stride.Games.GameContext)">
            <summary>
            Creates the a new <see cref="T:Stride.Games.GameWindow"/>. See remarks.
            </summary>
            <param name="gameContext">The window context. See remarks.</param>
            <returns>A new game window.</returns>
            <remarks>
            This is currently only supported on Windows Desktop. The window context supported on windows is a subclass of System.Windows.Forms.Control (or null and a default GameForm will be created).
            </remarks>
        </member>
        <member name="T:Stride.Games.IGameSystemBase">
            <summary>
            Defines a generic game system.
            </summary>
        </member>
        <member name="M:Stride.Games.IGameSystemBase.Initialize">
            <summary>
            This method is called when the component is added to the game.
            </summary>
            <remarks>
            This method can be used for tasks like querying for services the component needs and setting up non-graphics resources.
            </remarks>
        </member>
        <member name="T:Stride.Games.IGameSystemCollection">
            <summary>
            A list of game systems.
            </summary>
        </member>
        <member name="T:Stride.Games.IGraphicsDeviceManager">
            <summary>
            Defines the interface for an object that manages a GraphicsDevice.
            </summary>
        </member>
        <member name="M:Stride.Games.IGraphicsDeviceManager.BeginDraw">
            <summary>
            Starts the drawing of a frame.
            </summary>
            <returns><c>true</c> if XXXX, <c>false</c> otherwise</returns>
        </member>
        <member name="M:Stride.Games.IGraphicsDeviceManager.CreateDevice">
            <summary>
            Called to ensure that the device manager has created a valid device.
            </summary>
        </member>
        <member name="M:Stride.Games.IGraphicsDeviceManager.EndDraw(System.Boolean)">
            <summary>
            Called by the game at the end of drawing; if requested, presents the final rendering.
            </summary>
        </member>
        <member name="T:Stride.Games.IUpdateable">
            <summary>
            An interface that is called by <see cref="M:Stride.Games.GameBase.Update(Stride.Games.GameTime)"/>.
            </summary>
        </member>
        <member name="E:Stride.Games.IUpdateable.EnabledChanged">
            <summary>
            Occurs when the <see cref="P:Stride.Games.IUpdateable.Enabled"/> property changes.
            </summary>
        </member>
        <member name="E:Stride.Games.IUpdateable.UpdateOrderChanged">
            <summary>
            Occurs when the <see cref="P:Stride.Games.IUpdateable.UpdateOrder"/> property changes.
            </summary>
        </member>
        <member name="M:Stride.Games.IUpdateable.Update(Stride.Games.GameTime)">
            <summary>
            This method is called when this game component is updated.
            </summary>
            <param name="gameTime">The current timing.</param>
        </member>
        <member name="P:Stride.Games.IUpdateable.Enabled">
            <summary>
            Gets a value indicating whether the game component's Update method should be called by <see cref="M:Stride.Games.GameBase.Update(Stride.Games.GameTime)"/>.
            </summary>
            <value><c>true</c> if update is enabled; otherwise, <c>false</c>.</value>
        </member>
        <member name="P:Stride.Games.IUpdateable.UpdateOrder">
            <summary>
            Gets the update order relative to other game components. Lower values are updated first.
            </summary>
            <value>The update order.</value>
        </member>
        <member name="T:Stride.Games.LaunchParameters">
            <summary>
            Parameters used when launching an application.
            </summary>
        </member>
        <member name="M:Stride.Games.LaunchParameters.#ctor">
            <summary>
            Initializes a new instance of the <see cref="T:Stride.Games.LaunchParameters" /> class.
            </summary>
        </member>
        <member name="T:Stride.Games.ListBoundExtensions">
            <summary>
            Helper functions to determine lower and upper bounds in a sorted list.
            </summary>
        </member>
        <member name="T:Stride.Games.NamespaceDoc">
            <summary>
            The <see cref="N:Stride.Games"/> namespace provides a high level Game API.
            </summary>
        </member>
        <member name="T:Stride.Games.PreparingDeviceSettingsEventArgs">
            <summary>
            Describes settings to apply before preparing a device for creation, used by <see cref="M:Stride.Games.GraphicsDeviceManager.OnPreparingDeviceSettings(System.Object,Stride.Games.PreparingDeviceSettingsEventArgs)"/>.
            </summary>
        </member>
        <member name="M:Stride.Games.PreparingDeviceSettingsEventArgs.#ctor(Stride.Games.GraphicsDeviceInformation)">
            <summary>
            Initializes a new instance of the <see cref="T:Stride.Games.PreparingDeviceSettingsEventArgs" /> class.
            </summary>
            <param name="graphicsDeviceInformation">The graphics device information.</param>
        </member>
        <member name="P:Stride.Games.PreparingDeviceSettingsEventArgs.GraphicsDeviceInformation">
            <summary>
            Gets the graphics device information.
            </summary>
            <value>The graphics device information.</value>
        </member>
        <member name="T:Stride.Games.GameFormSDL">
            <summary>
            Default Rendering Form on SDL based applications.
            </summary>
        </member>
        <member name="M:Stride.Games.GameFormSDL.#ctor">
            <summary>
            Initializes a new instance of the <see cref="T:Stride.Games.GameForm"/> class.
            </summary>
        </member>
        <member name="M:Stride.Games.GameFormSDL.#ctor(System.String)">
            <summary>
            Initializes a new instance of the <see cref="T:Stride.Games.GameForm"/> class.
            </summary>
            <param name="text">The text.</param>
        </member>
        <member name="E:Stride.Games.GameFormSDL.AppActivated">
            <summary>
            Occurs when [app activated].
            </summary>
        </member>
        <member name="E:Stride.Games.GameFormSDL.AppDeactivated">
            <summary>
            Occurs when [app deactivated].
            </summary>
        </member>
        <member name="E:Stride.Games.GameFormSDL.PauseRendering">
            <summary>
            Occurs when [pause rendering].
            </summary>
        </member>
        <member name="E:Stride.Games.GameFormSDL.ResumeRendering">
            <summary>
            Occurs when [resume rendering].
            </summary>
        </member>
        <member name="E:Stride.Games.GameFormSDL.UserResized">
            <summary>
            Occurs when [user resized].
            </summary>
        </member>
        <member name="E:Stride.Games.GameFormSDL.FullscreenToggle">
            <summary>
            Occurs when alt-enter key combination has been pressed.
            </summary>
        </member>
        <member name="T:Stride.Games.GameWindowSDL">
            <summary>
            An abstract window.
            </summary>
        </member>
        <member name="P:Stride.Games.GameWindowSDL.Visible">
            <summary>
            Gets or sets a value indicating whether this <see cref="T:Stride.Games.GameWindow" /> is visible.
            </summary>
            <value><c>true</c> if visible; otherwise, <c>false</c>.</value>
        </member>
        <member name="T:Stride.Games.SDLMessageLoop">
            <summary>
            RenderLoop provides a rendering loop infrastructure. See remarks for usage. 
            </summary>
            <remarks>
            Use static <see cref="M:Stride.Games.SDLMessageLoop.Run(Stride.Graphics.SDL.Window,Stride.Games.SDLMessageLoop.RenderCallback)"/>  
            method to directly use a renderloop with a render callback or use your own loop:
            <code>
            control.Show();
            using (var loop = new RenderLoop(control))
            {
                while (loop.NextFrame())
                {
                   // Perform draw operations here.
                }
            }
            </code>
            Note that the main control can be changed at anytime inside the loop.
            </remarks>
        </member>
        <member name="M:Stride.Games.SDLMessageLoop.#ctor(Stride.Graphics.SDL.Window)">
            <summary>
            Initializes a new instance of the <see cref="T:Stride.Games.WindowsMessageLoop"/> class.
            </summary>
        </member>
        <member name="P:Stride.Games.SDLMessageLoop.Control">
            <summary>
            Gets or sets the control to associate with the current render loop.
            </summary>
            <value>The control.</value>
            <exception cref="T:System.InvalidOperationException">Control is already disposed</exception>
        </member>
        <member name="M:Stride.Games.SDLMessageLoop.NextFrame">
            <summary>
            Calls this method on each frame.
            </summary>
            <returns><c>true</c> if if the control is still active, <c>false</c> otherwise.</returns>
            <exception cref="T:System.InvalidOperationException">An error occurred </exception>
        </member>
        <member name="M:Stride.Games.SDLMessageLoop.Dispose">
            <summary>
            Performs application-defined tasks associated with freeing, releasing, or resetting unmanaged resources.
            </summary>
        </member>
        <member name="T:Stride.Games.SDLMessageLoop.RenderCallback">
            <summary>
            Delegate for the rendering loop.
            </summary>
        </member>
        <member name="M:Stride.Games.SDLMessageLoop.Run(Stride.Graphics.SDL.Window,Stride.Games.SDLMessageLoop.RenderCallback)">
            <summary>
            Runs the specified main loop for the specified windows form.
            </summary>
            <param name="form">The form.</param>
            <param name="renderCallback">The rendering callback.</param>
            <exception cref="T:System.ArgumentNullException">form
            or
            renderCallback</exception>
        </member>
        <member name="T:Stride.Games.Time.AbsoluteStopwatch">
            <summary>
            Represent an absolute time measurement stopwatch. (with as few internal overhead as possible)
            It measures elapsed time in seconds between calls to Start method and Elapsed property.
            </summary>
        </member>
        <member name="M:Stride.Games.Time.AbsoluteStopwatch.Start">
            <summary>
            Start the stopwatch. (use this method also to restart stopwatching)
            </summary>
        </member>
        <member name="P:Stride.Games.Time.AbsoluteStopwatch.Elapsed">
            <summary>
            Gets the time elapsed since previous call to Start method, in seconds.
            </summary>
        </member>
        <member name="T:Stride.Games.Time.TimerTick">
            <summary>
            This provides timing information similar to <see cref="T:System.Diagnostics.Stopwatch"/> but an update occurring only on a <see cref="M:Stride.Games.Time.TimerTick.Tick"/> method.
            </summary>
        </member>
        <member name="M:Stride.Games.Time.TimerTick.#ctor">
            <summary>
            Initializes a new instance of the <see cref="T:Stride.Games.Time.TimerTick"/> class.
            </summary>
        </member>
        <member name="M:Stride.Games.Time.TimerTick.#ctor(System.TimeSpan)">
            <summary>
            Initializes a new instance of the <see cref="T:Stride.Games.Time.TimerTick" /> class.
            </summary>
            <param name="startTime">The start time.</param>
        </member>
        <member name="P:Stride.Games.Time.TimerTick.StartTime">
            <summary>
            Gets the start time when this timer was created.
            </summary>
        </member>
        <member name="P:Stride.Games.Time.TimerTick.TotalTime">
            <summary>
            Gets the total time elasped since the last reset or when this timer was created.
            </summary>
        </member>
        <member name="P:Stride.Games.Time.TimerTick.TotalTimeWithPause">
            <summary>
            Gets the total time elasped since the last reset or when this timer was created, including <see cref="M:Stride.Games.Time.TimerTick.Pause"/>
            </summary>
        </member>
        <member name="P:Stride.Games.Time.TimerTick.ElapsedTime">
            <summary>
            Gets the elapsed time since the previous call to <see cref="M:Stride.Games.Time.TimerTick.Tick"/>.
            </summary>
        </member>
        <member name="P:Stride.Games.Time.TimerTick.ElapsedTimeWithPause">
            <summary>
            Gets the elapsed time since the previous call to <see cref="M:Stride.Games.Time.TimerTick.Tick"/> including <see cref="M:Stride.Games.Time.TimerTick.Pause"/>
            </summary>
        </member>
        <member name="P:Stride.Games.Time.TimerTick.SpeedFactor">
            <summary>
            Gets or sets the speed factor. Default is 1.0
            </summary>
            <value>The speed factor.</value>
        </member>
        <member name="P:Stride.Games.Time.TimerTick.IsPaused">
            <summary>
            Gets a value indicating whether this instance is paused.
            </summary>
            <value><c>true</c> if this instance is paused; otherwise, <c>false</c>.</value>
        </member>
        <member name="M:Stride.Games.Time.TimerTick.Reset">
            <summary>
            Resets this instance. <see cref="P:Stride.Games.Time.TimerTick.TotalTime"/> is set to zero.
            </summary>
        </member>
        <member name="M:Stride.Games.Time.TimerTick.Reset(System.TimeSpan)">
            <summary>
            Resets this instance. <see cref="P:Stride.Games.Time.TimerTick.TotalTime" /> is set to startTime.
            </summary>
            <param name="startTime">The start time.</param>
        </member>
        <member name="M:Stride.Games.Time.TimerTick.Resume">
            <summary>
            Resumes this instance, only if a call to <see cref="M:Stride.Games.Time.TimerTick.Pause"/> has been already issued.
            </summary>
        </member>
        <member name="M:Stride.Games.Time.TimerTick.Tick">
            <summary>
            Update the <see cref="P:Stride.Games.Time.TimerTick.TotalTime"/> and <see cref="P:Stride.Games.Time.TimerTick.ElapsedTime"/>,
            </summary>
            <remarks>
            This method must be called on a regular basis at every *tick*.
            </remarks>
        </member>
        <member name="M:Stride.Games.Time.TimerTick.Pause">
            <summary>
            Pauses this instance.
            </summary>
        </member>
        <member name="T:Stride.StrideVersion">
            <summary>
            Internal version used to identify Stride version.
            </summary>
            <remarks>
            During package build, PackageUpdateVersionTask is updating that file and expect some specific text regex so be careful if you change any of this.
            </remarks>
        </member>
        <member name="F:Stride.StrideVersion.PublicVersion">
            <summary>
            The version used by editor for display purpose. 4th digit needs to be at least 1 if used (due to NuGet special cases).
            </summary>
        </member>
        <member name="F:Stride.StrideVersion.AssemblyVersion">
            <summary>
            The current assembly version as text, currently same as <see cref="F:Stride.StrideVersion.PublicVersion"/>.
            </summary>
        </member>
        <member name="F:Stride.StrideVersion.NuGetVersionSimple">
            <summary>
            The NuGet package version without special tags.
            </summary>
        </member>
        <member name="F:Stride.StrideVersion.NuGetVersion">
            <summary>
            The NuGet package version.
            </summary>
        </member>
        <member name="F:Stride.StrideVersion.NuGetVersionSuffix">
            <summary>
            The NuGet package suffix (i.e. -beta01). Automatically set by Stride.GitVersioning.GenerateVersionFile.
            Three possible values:
            - Empty: official release
            - -betaXX: development version (XX should corespond to development asset versioning)
            - -betaXX-YYYY: beta release (YYYY is the git height since current version has been bumped)
            </summary>
        </member>
        <member name="F:Stride.StrideVersion.BuildMetadata">
            <summary>
            The build metadata, usually +g[git_hash] during package. Automatically set by Stride.GitVersioning.GenerateVersionFile.
            </summary>
        </member>
        <member name="F:Stride.StrideVersion.AssemblyInformationalVersion">
            <summary>
            The informational assembly version, containing -beta01 or +g[git_hash] during package.
            </summary>
        </member>
        <member name="T:Stride.PublicKeys">
            <summary>
            Assembly signing information.
            </summary>
        </member>
        <member name="F:Stride.PublicKeys.Default">
            <summary>
            Assembly name suffix that contains signing information.
            </summary>
        </member>
    </members>
</doc>
